0,-0.024192,0.282503,-0.995011,-0.0656178,0.224807,-1.09086,-0.0610987,0.11981,-1.12705,-0.0650476,0.0854862,-0.863704,-0.140316,-0.0118606,-0.953427,-0.159495,0.00452577,-1.07497,-0.108218,-0.0233888,-1.13521,-0.0760334,-0.0416164,-0.751538,-0.153584,-0.28747,-0.876779,-0.17939,-0.239207,-1.04784,-0.124794,-0.212966,-1.11799,-0.126232,-0.191687,-0.90314,0.0241921,0.282503,-0.995011,0.0656178,0.224807,-1.09086,0.0610987,0.11981,-1.12705,0.0650476,0.0854862,-0.863704,0.140316,-0.0118606,-0.953427,0.159495,0.00452576,-1.07497,0.108218,-0.0233888,-1.13521,0.0760334,-0.0416164,-0.751538,0.153584,-0.28747,-0.876779,0.17939,-0.239207,-1.04784,0.124794,-0.212966,-1.11799,0.126232,-0.191687,-1.23239,-3.01935e-12,-0.194695,-1.23687,-4.50607e-12,0.110977,-1.20661,-4.79334e-12,0.302822,
-0.90314,-0.0241921,0.282502,-0.995011,-0.0656179,0.224807,-1.09086,-0.0610987,0.11981,-1.12705,-0.0650476,0.0854862,-0.863704,-0.140316,-0.0118606,-0.953427,-0.159495,0.00452576,-1.07497,-0.108218,-0.0233888,-1.13521,-0.0760334,-0.0416164,-0.751538,-0.153584,-0.28747,-0.876779,-0.17939,-0.239207,-1.04784,-0.124794,-0.212966,-1.11799,-0.126232,-0.191687,-0.90314,0.0241921,0.282502,-0.995011,0.0656179,0.224807,-1.09086,0.0610987,0.11981,-1.12705,0.0650476,0.0854862,-0.863704,0.140316,-0.0118606,-0.953427,0.159495,0.00452576,-1.07497,0.108218,-0.0233888,-1.13521,0.0760334,-0.0416164,-0.751538,0.153584,-0.28747,-0.876779,0.17939,-0.239207,-1.04784,0.124794,-0.212966,-1.11799,0.126232,-0.191687,-1.23239,-9.3294e-13,-0.194695,-1.23687,-1.42928e-12,0.110977,-1.20661,-1.52347e-12,0.302822,
-0.90314,-0.0241922,0.282502,-0.995011,-0.0656179,0.224807,-1.09086,-0.0610987,0.11981,-1.12705,-0.0650476,0.0854862,-0.863704,-0.140316,-0.0118606,-0.953427,-0.159495,0.00452576,-1.07497,-0.108218,-0.0233888,-1.13521,-0.0760334,-0.0416164,-0.751538,-0.153584,-0.28747,-0.876779,-0.17939,-0.239207,-1.04784,-0.124794,-0.212966,-1.11799,-0.126232,-0.191687,-0.90314,0.0241922,0.282502,-0.995011,0.0656179,0.224807,-1.09086,0.0610987,0.11981,-1.12705,0.0650476,0.0854862,-0.863704,0.140316,-0.0118606,-0.953427,0.159495,0.00452576,-1.07497,0.108218,-0.0233888,-1.13521,0.0760334,-0.0416164,-0.751538,0.153584,-0.28747,-0.876779,0.17939,-0.239207,-1.04784,0.124794,-0.212966,-1.11799,0.126232,-0.191687,-1.23239,-2.89453e-13,-0.194695,-1.23687,-4.55126e-13,0.110977,-1.20661,-4.86065e-13,0.302822,
-0.90314,-0.0241922,0.282502,-0.995011,-0.0656179,0.224807,-1.09086,-0.0610987,0.11981,-1.12705,-0.0650476,0.0854862,-0.863704,-0.140316,-0.0118606,-0.953427,-0.159495,0.00452576,-1.07497,-0.108218,-0.0233888,-1.13521,-0.0760334,-0.0416164,-0.751538,-0.153584,-0.28747,-0.876779,-0.17939,-0.239207,-1.04784,-0.124794,-0.212966,-1.11799,-0.126232,-0.191687,-0.90314,0.0241922,0.282502,-0.995011,0.0656179,0.224807,-1.09086,0.0610987,0.11981,-1.12705,0.0650476,0.0854862,-0.863704,0.140316,-0.0118606,-0.953427,0.159495,0.00452576,-1.07497,0.108218,-0.0233888,-1.13521,0.0760334,-0.0416164,-0.751538,0.153584,-0.28747,-0.876779,0.17939,-0.239207,-1.04784,0.124794,-0.212966,-1.11799,0.126232,-0.191687,-1.23239,-9.01801e-14,-0.194695,-1.23687,-1.4547e-13,0.110977,-1.20661,-1.5565e-13,0.302822,
0,-0.0241922,0.282502,-0.995011,-0.0656179,0.224807,-1.09086,-0.0610987,0.11981,-1.12705,-0.0650476,0.0854862,-0.863704,-0.140316,-0.0118606,-0.953427,-0.159495,0.00452576,-1.07497,-0.108218,-0.0233888,-1.13521,-0.0760334,-0.0416164,-0.751538,-0.153584,-0.28747,-0.876779,-0.17939,-0.239207,-1.04784,-0.124794,-0.212966,-1.11799,-0.126232,-0.191687,-0.90314,0.0241922,0.282502,-0.995011,0.0656179,0.224807,-1.09086,0.0610987,0.11981,-1.12705,0.0650476,0.0854862,-0.863704,0.140316,-0.0118606,-0.953427,0.159495,0.00452576,-1.07497,0.108218,-0.0233888,-1.13521,0.0760334,-0.0416164,-0.751538,0.153584,-0.28747,-0.876779,0.17939,-0.239207,-1.04784,0.124794,-0.212966,-1.11799,0.126232,-0.191687,-1.23239,-2.82138e-14,-0.194695,-1.23687,-4.66631e-14,0.110977,-1.20661,-5.00175e-14,0.302822,
-0.90314,-0.0241922,0.282502,-0.995011,-0.0656179,0.224807,-1.09086,-0.0610987,0.11981,-1.12705,-0.0650476,0.0854862,-0.863704,-0.140316,-0.0118606,-0.953427,-0.159495,0.00452576,-1.07497,-0.108218,-0.0233888,-1.13521,-0.0760334,-0.0416164,-0.751538,-0.153584,-0.28747,-0.876779,-0.17939,-0.239207,-1.04784,-0.124794,-0.212966,-1.11799,-0.126232,-0.191687,-0.90314,0.0241922,0.282502,-0.995011,0.0656179,0.224807,-1.09086,0.0610987,0.11981,-1.12705,0.0650476,0.0854862,-0.863704,0.140316,-0.0118606,-0.953427,0.159495,0.00452576,-1.07497,0.108218,-0.0233888,-1.13521,0.0760334,-0.0416164,-0.751538,0.153584,-0.28747,-0.876779,0.17939,-0.239207,-1.04784,0.124794,-0.212966,-1.11799,0.126232,-0.191687,-1.23239,-8.86414e-15,-0.194695,-1.23687,-1.50196e-14,0.110977,-1.20661,-1.61263e-14,0.302822,
-0.90314,-0.0241922,0.282502,-0.995011,-0.0656179,0.224807,-1.09086,-0.0610987,0.11981,-1.12705,-0.0650476,0.0854862,-0.863704,-0.140316,-0.0118606,-0.953427,-0.159495,0.00452576,-1.07497,-0.108218,-0.0233888,-1.13521,-0.0760334,-0.0416164,-0.751538,-0.153584,-0.28747,-0.876779,-0.17939,-0.239207,-1.04784,-0.124794,-0.212966,-1.11799,-0.126232,-0.191687,-0.90314,0.0241922,0.282502,-0.995011,0.0656179,0.224807,-1.09086,0.0610987,0.11981,-1.12705,0.0650476,0.0854862,-0.863704,0.140316,-0.0118606,-0.953427,0.159495,0.00452576,-1.07497,0.108218,-0.0233888,-1.13521,0.0760334,-0.0416164,-0.751538,0.153584,-0.28747,-0.876779,0.17939,-0.239207,-1.04784,0.124794,-0.212966,-1.11799,0.126232,-0.191687,-1.23239,-2.79649e-15,-0.194695,-1.23687,-4.84972e-15,0.110977,-1.20661,-5.21518e-15,0.302822,
-0.90314,-0.0241922,0.282502,-0.995011,-0.0656179,0.224807,-1.09086,-0.0610987,0.11981,-1.12705,-0.0650476,0.0854862,-0.863704,-0.140316,-0.0118606,-0.953427,-0.159495,0.00452576,-1.07497,-0.108218,-0.0233888,-1.13521,-0.0760334,-0.0416164,-0.751538,-0.153584,-0.28747,-0.876779,-0.17939,-0.239207,-1.04784,-0.124794,-0.212966,-1.11799,-0.126232,-0.191687,-0.90314,0.0241922,0.282502,-0.995011,0.0656179,0.224807,-1.09086,0.0610987,0.11981,-1.12705,0.0650476,0.0854862,-0.863704,0.140316,-0.0118606,-0.953427,0.159495,0.00452576,-1.07497,0.108218,-0.0233888,-1.13521,0.0760334,-0.0416164,-0.751538,0.153584,-0.28747,-0.876779,0.17939,-0.239207,-1.04784,0.124794,-0.212966,-1.11799,0.126232,-0.191687,-1.23239,-8.85539e-16,-0.194695,-1.23687,-1.57067e-15,0.110977,-1.20661,-1.69165e-15,0.302822,
0,0,0.282502,-0.995011,-0.0656179,0.224807,-1.09086,-0.0610987,0.11981,-1.12705,-0.0650476,0.0854862,-0.863704,-0.140316,-0.0118606,-0.953427,-0.159495,0.00452576,-1.07497,-0.108218,-0.0233888,-1.13521,-0.0760334,-0.0416164,-0.751538,-0.153584,-0.28747,-0.876779,-0.17939,-0.239207,-1.04784,-0.124794,-0.212966,-1.11799,-0.126232,-0.191687,-0.90314,0.0241922,0.282502,-0.995011,0.0656179,0.224807,-1.09086,0.0610987,0.11981,-1.12705,0.0650476,0.0854862,-0.863704,0.140316,-0.0118606,-0.953427,0.159495,0.00452576,-1.07497,0.108218,-0.0233888,-1.13521,0.0760334,-0.0416164,-0.751538,0.153584,-0.28747,-0.876779,0.17939,-0.239207,-1.04784,0.124794,-0.212966,-1.11799,0.126232,-0.191687,-1.23239,-2.81881e-16,-0.194695,-1.23687,-5.10077e-16,0.110977,-1.20661,-5.49989e-16,0.302822,
-0.90314,-0.0241922,0.282502,-0.995011,-0.0656179,0.224807,-1.09086,-0.0610987,0.11981,-1.12705,-0.0650476,0.0854862,-0.863704,-0.140316,-0.0118606,-0.953427,-0.159495,0.00452576,-1.07497,-0.108218,-0.0233888,-1.13521,-0.0760334,-0.0416164,-0.751538,-0.153584,-0.28747,-0.876779,-0.17939,-0.239207,-1.04784,-0.124794,-0.212966,-1.11799,-0.126232,-0.191687,-0.90314,0.0241922,0.282502,-0.995011,0.0656179,0.224807,-1.09086,0.0610987,0.11981,-1.12705,0.0650476,0.0854862,-0.863704,0.140316,-0.0118606,-0.953427,0.159495,0.00452576,-1.07497,0.108218,-0.0233888,-1.13521,0.0760334,-0.0416164,-0.751538,0.153584,-0.28747,-0.876779,0.17939,-0.239207,-1.04784,0.124794,-0.212966,-1.11799,0.126232,-0.191687,-1.23239,-8.96989e-17,-0.194695,-1.23687,-1.66263e-16,0.110977,-1.20661,-1.79751e-16,0.302822,
-0.90314,-0.0241922,0.282502,-0.995011,-0.0656179,0.224807,-1.09086,-0.0610987,0.11981,-1.12705,-0.0650476,0.0854862,-0.863704,-0.140316,-0.0118606,-0.953427,-0.159495,0.00452576,-1.07497,-0.108218,-0.0233888,-1.13521,-0.0760334,-0.0416164,-0.751538,-0.153584,-0.28747,-0.876779,-0.17939,-0.239207,-1.04784,-0.124794,-0.212966,-1.11799,-0.126232,-0.191687,-0.90314,0.0241922,0.282502,-0.995011,0.0656179,0.224807,-1.09086,0.0610987,0.11981,-1.12705,0.0650476,0.0854862,-0.863704,0.140316,-0.0118606,-0.953427,0.159495,0.00452576,-1.07497,0.108218,-0.0233888,-1.13521,0.0760334,-0.0416164,-0.751538,0.153584,-0.28747,-0.876779,0.17939,-0.239207,-1.04784,0.124794,-0.212966,-1.11799,0.126232,-0.191687,-1.23239,-2.871e-17,-0.194695,-1.23687,-5.43073e-17,0.110977,-1.20661,-5.87156e-17,0.302822,
-0.90314,-0.0241922,0.282502,-0.995011,-0.0656179,0.224807,-1.09086,-0.0610987,0.11981,-1.12705,-0.0650476,0.0854862,-0.863704,-0.140316,-0.0118606,-0.953427,-0.159495,0.00452576,-1.07497,-0.108218,-0.0233888,-1.13521,-0.0760334,-0.0416164,-0.751538,-0.153584,-0.28747,-0.876779,-0.17939,-0.239207,-1.04784,-0.124794,-0.212966,-1.11799,-0.126232,-0.191687,-0.90314,0.0241922,0.282502,-0.995011,0.0656179,0.224807,-1.09086,0.0610987,0.11981,-1.12705,0.0650476,0.0854862,-0.863704,0.140316,-0.0118606,-0.953427,0.159495,0.00452576,-1.07497,0.108218,-0.0233888,-1.13521,0.0760334,-0.0416164,-0.751538,0.153584,-0.28747,-0.876779,0.17939,-0.239207,-1.04784,0.124794,-0.212966,-1.11799,0.126232,-0.191687,-1.23239,-8.97578e-18,-0.194695,-1.23687,-1.74983e-17,0.110977,-1.20661,-1.90944e-17,0.302822,
0,0,0.282439,-0.861774,-0.065618,0.224767,-0.957642,-0.0610987,0.119794,-0.993827,-0.0650476,0.0854794,-0.730359,-0.140317,-0.0119556,-0.820076,-0.159495,0.00445878,-0.941622,-0.108219,-0.0234179,-1.00186,-0.0760334,-0.0416267,-0.618294,-0.153585,-0.287601,-0.74352,-0.179391,-0.239299,-0.914568,-0.124794,-0.213003,-0.984689,-0.126232,-0.191703,-0.769889,0.0241924,0.282439,-0.861774,0.065618,0.224767,-0.957642,0.0610987,0.119794,-0.993827,0.0650476,0.0854794,-0.730359,0.140317,-0.0119556,-0.820076,0.159495,0.00445878,-0.941622,0.108219,-0.0234179,-1.00186,0.0760334,-0.0416267,-0.618294,0.153585,-0.287601,-0.74352,0.179391,-0.239299,-0.914568,0.124794,-0.213003,-0.984689,0.126232,-0.191703,-1.09907,3.67743e-16,-0.194675,-1.10363,-9.4043e-16,0.110999,-1.07336,-2.369e-15,0.302836,
-0.0606258,-0.0241928,0.273247,-0.155355,-0.0656183,0.220244,-0.256453,-0.0610988,0.120173,-0.294363,-0.0650476,0.0877066,-0.0361412,-0.140316,-0.0227512,-0.124972,-0.159495,-0.00183277,-0.24785,-0.108219,-0.0235755,-0.308993,-0.0760334,-0.0387407,0.0346954,-0.15673,-0.299403,-0.0849996,-0.187924,-0.241406,-0.241493,-0.131371,-0.208834,-0.29977,-0.126171,-0.189423,-0.0606258,0.0241928,0.273247,-0.155355,0.0656183,0.220244,-0.256453,0.0610988,0.120173,-0.294363,0.0650476,0.0877066,-0.0361412,0.140316,-0.0227512,-0.124972,0.159495,-0.00183277,-0.24785,0.108219,-0.0235755,-0.308993,0.0760334,-0.0387407,0.0346954,0.15673,-0.299403,-0.0849996,0.187924,-0.241406,-0.241493,0.131371,-0.208834,-0.29977,0.126171,-0.189423,-0.413886,5.80571e-16,-0.186788,-0.402829,-5.49233e-15,0.118746,-0.362899,-9.85696e-15,0.308874,
-0.0120672,-0.202726,0.348613,-0.118857,-0.168239,0.318353,-0.224157,-0.0788681,0.25697,-0.252514,-0.0641342,0.245795,-0.0842424,-0.295463,0.0234286,-0.151495,-0.249892,0.0692521,-0.240823,-0.12523,0.102334,-0.283429,-0.0754252,0.122306,-0.108705,-0.345794,-0.280384,-0.176909,-0.288492,-0.176587,-0.264405,-0.142799,-0.0761977,-0.293604,-0.125853,-0.0283298,-0.0139164,0.206984,0.348132,-0.120395,0.171443,0.317953,-0.22488,0.0809603,0.256782,-0.253106,0.065937,0.24564,-0.0867535,0.29736,0.0220717,-0.153697,0.25177,0.0683343,-0.241976,0.126788,0.102015,-0.284125,0.0766414,0.122123,-0.109716,0.347099,-0.280145,-0.178183,0.289623,-0.176612,-0.265375,0.143629,-0.0763829,-0.29476,0.12661,-0.0286339,-0.407198,-0.000117018,-0.0106057,-0.356119,0.000481551,0.29079,-0.291471,0.000997984,0.47393,
-0.00108632,-0.274886,0.384643,-0.0869347,-0.20486,0.350075,-0.159384,-0.0806001,0.290188,-0.177351,-0.0618108,0.280987,-0.0192097,-0.333099,0.0698647,-0.077075,-0.269798,0.106365,-0.147924,-0.126609,0.133872,-0.18493,-0.0734233,0.153884,-0.00430355,-0.398895,-0.223195,-0.0646144,-0.314137,-0.134584,-0.13808,-0.142877,-0.0452863,-0.167441,-0.124287,0.00407902,-0.00140293,0.282461,0.382048,-0.0871714,0.212016,0.348135,-0.159478,0.0871191,0.289407,-0.177425,0.0682235,0.280382,-0.0194801,0.337501,0.0665563,-0.0773375,0.274591,0.10374,-0.148076,0.131683,0.132666,-0.18502,0.0786422,0.153176,-0.00415098,0.400702,-0.226594,-0.0645867,0.316738,-0.137316,-0.13815,0.146279,-0.0465807,-0.16759,0.12813,0.00290481,-0.281853,0.00183916,0.000261316,-0.287167,0.00325926,0.305939,-0.257304,0.00417009,0.497842,
0,-0.294722,0.381027,-0.0775855,-0.214648,0.351457,-0.14073,-0.0810254,0.297675,-0.155713,-0.061592,0.290229,-0.0125072,-0.341886,0.0739087,-0.0650745,-0.274436,0.110973,-0.128762,-0.127034,0.141051,-0.163199,-0.0731957,0.163142,-0.00302533,-0.412247,-0.214666,-0.055234,-0.320574,-0.127803,-0.118914,-0.142987,-0.0380263,-0.145645,-0.1241,0.0133511,0.000990086,0.302485,0.378186,-0.0776203,0.222121,0.349379,-0.140743,0.0879817,0.296871,-0.155723,0.0684757,0.289611,-0.0125281,0.346668,0.0705817,-0.0651038,0.279595,0.108313,-0.128784,0.132501,0.139816,-0.163211,0.078869,0.162419,-0.0029136,0.414314,-0.218513,-0.055172,0.323471,-0.130812,-0.11891,0.146746,-0.0393908,-0.145668,0.128349,0.0121505,-0.259999,0.00209895,0.00946036,-0.265497,0.00355218,0.315123,-0.235734,0.00446748,0.507044,
0.00120739,-0.300745,0.376929,-0.0745926,-0.217581,0.34851,-0.134097,-0.0811226,0.296303,-0.148025,-0.0615522,0.289275,-0.012678,-0.348264,0.0783684,-0.0625307,-0.277705,0.113341,-0.121987,-0.127273,0.140878,-0.154676,-0.0730958,0.162109,-0.00294513,-0.424825,-0.202252,-0.0518908,-0.326935,-0.12041,-0.110945,-0.143345,-0.0369606,-0.136136,-0.123923,0.0124036,0.00105217,0.308556,0.374287,-0.0747045,0.225109,0.346591,-0.134139,0.0881706,0.295569,-0.148058,0.0685324,0.288711,-0.0128191,0.353429,0.0752669,-0.0626522,0.283173,0.110874,-0.12205,0.132977,0.139742,-0.154717,0.0789694,0.161449,-0.002752,0.426931,-0.206875,-0.0517728,0.330047,-0.12389,-0.110933,0.147474,-0.0384066,-0.136206,0.128507,0.0113094,-0.250491,0.0022436,0.00783119,-0.257982,0.00356659,0.313471,-0.22947,0.00440704,0.505583,
0.000882888,-0.302698,0.366052,-0.0734776,-0.218569,0.336666,-0.130883,-0.0812568,0.283856,-0.144347,-0.0616569,0.27671,-0.050858,-0.376862,0.180548,-0.0822954,-0.2893,0.173875,-0.120675,-0.125869,0.147023,-0.148588,-0.0733137,0.149441,-0.00258198,-0.443601,-0.185373,-0.0488683,-0.336747,-0.113848,-0.103451,-0.144519,-0.0442617,-0.127199,-0.124274,0.000162453,0.000690158,0.310495,0.362831,-0.0736163,0.226014,0.33433,-0.130934,0.0881169,0.282966,-0.144388,0.0684341,0.276026,-0.0529292,0.382795,0.180262,-0.0834823,0.294955,0.173148,-0.120901,0.131179,0.146257,-0.148638,0.0787514,0.148642,-0.00244689,0.445011,-0.191028,-0.0487974,0.339167,-0.11806,-0.10346,0.147921,-0.045985,-0.127285,0.128155,-0.00116291,-0.241461,0.00187015,-0.00669967,-0.254758,0.00346945,0.298746,-0.229907,0.00448906,0.491362,
0.000604748,-0.303357,0.353413,-0.0727654,-0.21894,0.322396,-0.128575,-0.0813918,0.268336,-0.141765,-0.0617898,0.260912,-0.111267,-0.366575,0.246194,-0.118379,-0.280157,0.211952,-0.125201,-0.121932,0.146443,-0.143039,-0.0735759,0.133584,-0.00234107,-0.459812,-0.169464,-0.0457875,-0.345092,-0.109232,-0.0957179,-0.145473,-0.0544491,-0.118162,-0.124684,-0.0151022,0.000395562,0.311114,0.349552,-0.0729159,0.226262,0.319598,-0.12863,0.0880059,0.267271,-0.141809,0.0683028,0.260095,-0.113171,0.372212,0.24348,-0.119666,0.285551,0.209737,-0.125592,0.126843,0.145296,-0.143094,0.078488,0.132629,-0.00220052,0.46049,-0.17627,-0.0457179,0.346751,-0.114255,-0.0957327,0.148035,-0.0564794,-0.118255,0.127742,-0.0166875,-0.232248,0.00143237,-0.0247623,-0.252674,0.00334088,0.280291,-0.232333,0.00456128,0.473434,
0.00106167,-0.305226,0.337487,-0.0702808,-0.21981,0.304524,-0.123235,-0.0814748,0.248919,-0.135728,-0.0619444,0.241233,-0.0729635,-0.353024,0.247943,-0.0934702,-0.270809,0.209034,-0.113952,-0.119204,0.1333,-0.134387,-0.0738335,0.113904,-0.00173214,-0.473251,-0.156977,-0.0413756,-0.35183,-0.108379,-0.0856146,-0.14611,-0.068579,-0.10645,-0.125055,-0.0341942,0.000831126,0.312877,0.333101,-0.0704464,0.226947,0.301354,-0.123295,0.087795,0.247717,-0.135777,0.0681474,0.24031,-0.0686821,0.358397,0.243051,-0.0907965,0.276023,0.20538,-0.113323,0.123787,0.131719,-0.134447,0.0782299,0.112825,-0.00158819,0.473464,-0.164741,-0.041309,0.352923,-0.114064,-0.0856353,0.147943,-0.0708488,-0.106551,0.127368,-0.0359842,-0.220326,0.00103178,-0.0463061,-0.247024,0.00318156,0.258264,-0.230664,0.00456056,0.451782,
-0.0281517,-0.311001,0.335391,-0.0953001,-0.224344,0.297081,-0.141931,-0.0846115,0.238686,-0.153363,-0.0650556,0.230248,0.00313092,-0.33952,0.205425,-0.0487604,-0.266524,0.179459,-0.107543,-0.121496,0.120009,-0.141077,-0.0751295,0.103547,-0.00113941,-0.481328,-0.131782,-0.0389135,-0.35501,-0.0957794,-0.0786534,-0.144934,-0.0707181,-0.0997242,-0.124326,-0.0422656,-0.0304199,0.310545,0.339615,-0.096838,0.22386,0.300081,-0.142423,0.0845124,0.239789,-0.153639,0.0650361,0.231108,0.00446297,0.341889,0.202438,-0.0480348,0.268836,0.17802,-0.107551,0.123666,0.120233,-0.141433,0.0768365,0.104566,-0.00250291,0.486381,-0.12637,-0.0399658,0.3596,-0.0916856,-0.0791333,0.149181,-0.0689271,-0.10025,0.128113,-0.0405852,-0.212367,0.00179317,-0.0627925,-0.266014,-0.000311134,0.238143,-0.267042,-0.00159636,0.432371,
-0.130554,-0.321426,0.430736,-0.172034,-0.22981,0.372652,-0.18644,-0.0872803,0.299974,-0.190347,-0.0693681,0.290103,0.00490948,-0.35257,0.167111,-0.054142,-0.2808,0.173173,-0.120903,-0.13035,0.163955,-0.159197,-0.0776774,0.166485,-0.00883884,-0.489133,-0.0254974,-0.042984,-0.358658,-0.00333649,-0.0748355,-0.144991,0.00643549,-0.0965075,-0.124866,0.0279133,-0.131404,0.306747,0.444201,-0.172544,0.217548,0.382242,-0.186556,0.0781632,0.303524,-0.190406,0.0606969,0.292908,0.00483859,0.349118,0.179774,-0.0542226,0.277198,0.183525,-0.120965,0.127217,0.169007,-0.159265,0.0743578,0.169764,-0.00847147,0.493665,-0.00523274,-0.0427813,0.362441,0.0116155,-0.0748286,0.148606,0.0126123,-0.0966234,0.127535,0.0333566,-0.204503,0.00210477,-0.00737115,-0.30272,-0.004182,0.282013,-0.332891,-0.00833278,0.473814,
-0.0731925,-0.343675,0.499133,-0.118134,-0.248115,0.450789,-0.140911,-0.100887,0.38561,-0.14542,-0.0833258,0.377478,0.00238709,-0.344137,0.146915,-0.0505993,-0.278119,0.18592,-0.114605,-0.132078,0.224899,-0.149516,-0.0807853,0.249664,-0.096567,-0.485977,0.106205,-0.106588,-0.34978,0.100389,-0.116456,-0.131626,0.0812004,-0.12722,-0.114823,0.0955827,-0.075521,0.275561,0.565134,-0.119698,0.191955,0.497689,-0.141422,0.0615199,0.402916,-0.145817,0.0460406,0.391265,0.000566527,0.350175,0.2197,-0.0520361,0.277253,0.244231,-0.115247,0.126007,0.252074,-0.149935,0.070439,0.265735,-0.00782101,0.478094,-0.0199675,-0.0524728,0.361786,0.0363491,-0.104724,0.160988,0.0814298,-0.128012,0.136238,0.122344,-0.241949,0.0110797,0.1023,-0.256287,-0.0212802,0.406202,-0.23218,-0.0416053,0.598005,
-0.00301961,-0.34777,0.545748,-0.0654259,-0.254401,0.516339,-0.109823,-0.107804,0.46758,-0.118381,-0.0891963,0.461544,0.000441714,-0.345814,0.205001,-0.0470049,-0.281538,0.252977,-0.105535,-0.137245,0.304128,-0.137053,-0.0864092,0.335037,-0.106886,-0.486351,0.229775,-0.114001,-0.351653,0.20768,-0.123574,-0.13568,0.169353,-0.132466,-0.119897,0.17949,-0.00247321,0.274206,0.61364,-0.0650892,0.189514,0.564824,-0.109748,0.0570067,0.485601,-0.118373,0.0401352,0.475685,0.000510343,0.346056,0.280366,-0.0469418,0.272973,0.313404,-0.105501,0.12107,0.332306,-0.137038,0.0647576,0.351566,-0.0225609,0.456316,0.0150008,-0.0625626,0.348776,0.0892974,-0.112243,0.155833,0.157526,-0.13244,0.131071,0.206931,-0.246733,0.00487556,0.199813,-0.225617,-0.0282891,0.503079,-0.179306,-0.0488033,0.69064,
0.000179452,-0.342859,0.529215,-0.0702348,-0.253377,0.506663,-0.123399,-0.109193,0.466028,-0.135171,-0.0894836,0.460791,-0.000970583,-0.34643,0.210929,-0.0509831,-0.282143,0.256161,-0.111654,-0.137747,0.304198,-0.144781,-0.0867095,0.333315,-0.071417,-0.487342,0.205586,-0.0913864,-0.352594,0.194236,-0.115086,-0.136399,0.167053,-0.129395,-0.120373,0.178499,-0.000622583,0.273018,0.596007,-0.070825,0.190273,0.554786,-0.123628,0.0580272,0.484172,-0.135371,0.0398599,0.474827,-0.0155803,0.355563,0.311325,-0.0610083,0.277029,0.332833,-0.114691,0.120551,0.336686,-0.144951,0.0644693,0.349727,-0.00145805,0.448997,0.011519,-0.0483007,0.344803,0.0865216,-0.105442,0.15505,0.156125,-0.129871,0.130621,0.205737,-0.244033,0.0050986,0.190623,-0.244657,-0.0278925,0.494564,-0.211862,-0.048496,0.68488,
0.00149121,-0.340734,0.526109,-0.0720374,-0.253103,0.506494,-0.128977,-0.110166,0.469209,-0.141935,-0.0901539,0.464412,-0.00298951,-0.346442,0.216046,-0.0538645,-0.282405,0.260678,-0.115635,-0.138282,0.30809,-0.149361,-0.0873561,0.336821,-0.014291,-0.4773,0.180576,-0.0580954,-0.347827,0.182256,-0.109703,-0.136578,0.168734,-0.131309,-0.120914,0.182266,-0.00207863,0.272313,0.592827,-0.0746102,0.190083,0.55473,-0.129925,0.0578478,0.487497,-0.142695,0.0391779,0.478491,-0.0717284,0.362809,0.433108,-0.0959726,0.275555,0.410812,-0.125421,0.11576,0.358725,-0.15024,0.0638148,0.353282,-0.0011401,0.44705,0.0146769,-0.0492691,0.343608,0.0898997,-0.10754,0.154524,0.159896,-0.132937,0.130064,0.209587,-0.246478,0.00423801,0.192512,-0.25212,-0.0288795,0.496374,-0.222467,-0.0494726,0.687205,
-0.0077898,-0.329954,0.592798,-0.0803425,-0.243366,0.565972,-0.135403,-0.10412,0.515123,-0.148381,-0.0842445,0.508529,-0.0485853,-0.397847,0.373189,-0.0854068,-0.31244,0.380663,-0.12931,-0.14969,0.372282,-0.158001,-0.0955907,0.381617,0.000531383,-0.478366,0.092935,-0.0530365,-0.364891,0.147063,-0.116841,-0.167079,0.194158,-0.143776,-0.146843,0.23162,0.00583634,0.285517,0.589889,-0.0705203,0.202119,0.563861,-0.131787,0.0650964,0.514329,-0.145522,0.04581,0.507913,-0.124847,0.346587,0.498308,-0.131209,0.260806,0.462396,-0.138166,0.10366,0.394275,-0.154495,0.0564424,0.380881,-0.00879164,0.411729,0.0222357,-0.0559185,0.310648,0.101255,-0.114295,0.124373,0.181892,-0.137871,0.105553,0.230366,-0.255169,-0.0180283,0.229289,-0.25634,-0.0165518,0.534981,-0.223879,-0.01637,0.726479,
0,-0.324769,0.637182,-0.0791823,-0.240443,0.603844,-0.133884,-0.104986,0.543524,-0.146889,-0.0855747,0.535463,-0.104816,-0.398687,0.518722,-0.1177,-0.312451,0.485691,-0.13284,-0.154877,0.420299,-0.153807,-0.105101,0.409352,0.000638843,-0.486184,0.0823243,-0.04977,-0.380143,0.152225,-0.109795,-0.188732,0.217103,-0.136346,-0.165831,0.263277,0.00572483,0.288956,0.595115,-0.0702305,0.20397,0.573378,-0.130585,0.0639472,0.531954,-0.144273,0.0441865,0.526565,-0.0726999,0.33129,0.510044,-0.0991197,0.247686,0.478325,-0.128522,0.0924037,0.414409,-0.150594,0.0465751,0.39893,-0.00886157,0.397689,0.0479748,-0.0538764,0.292656,0.122961,-0.108407,0.102763,0.201422,-0.130923,0.0859772,0.245959,-0.247927,-0.0377988,0.250386,-0.255504,-0.0166998,0.555262,-0.227055,-0.00412991,0.746974,
-0.0110352,-0.328281,0.650056,-0.0837703,-0.244748,0.615246,-0.138687,-0.110001,0.553609,-0.15178,-0.0907287,0.545257,-0.117019,-0.386693,0.566456,-0.128535,-0.30508,0.522846,-0.138866,-0.156008,0.439325,-0.156393,-0.110812,0.419158,0.00218342,-0.484759,0.0773431,-0.0483996,-0.382598,0.152701,-0.108817,-0.194731,0.224884,-0.135734,-0.171911,0.273644,-0.00874752,0.288257,0.607388,-0.0815228,0.200872,0.584001,-0.137325,0.0588267,0.541482,-0.150012,0.039014,0.535927,0.00558016,0.308341,0.46804,-0.0509157,0.235173,0.455827,-0.11899,0.0877927,0.41652,-0.154444,0.040829,0.40837,-0.0328111,0.426656,0.125222,-0.0696773,0.304422,0.174779,-0.112692,0.0980636,0.221206,-0.132114,0.0799107,0.255545,-0.248131,-0.044855,0.258251,-0.261353,-0.0227415,0.562809,-0.236551,-0.00926929,0.754953,
0.0049685,-0.364345,0.672657,-0.0699805,-0.278192,0.652077,-0.128827,-0.137631,0.610513,-0.142331,-0.117665,0.605288,-0.0117369,-0.382583,0.590351,-0.0609387,-0.309246,0.560449,-0.120167,-0.165587,0.495259,-0.152592,-0.121881,0.477977,-0.00889889,-0.444987,0.0798244,-0.05603,-0.355152,0.171428,-0.113742,-0.18002,0.271773,-0.13833,-0.16402,0.325132,-0.0348042,0.255504,0.7397,-0.094741,0.167286,0.693719,-0.134494,0.0296366,0.621387,-0.141927,0.0122229,0.612256,0.00448138,0.306662,0.452023,-0.0498936,0.233803,0.472265,-0.116927,0.0833692,0.474895,-0.152477,0.0299653,0.486069,-0.0980797,0.453312,0.403863,-0.111157,0.319793,0.37748,-0.126307,0.107239,0.325704,-0.137872,0.0880981,0.338607,-0.252536,-0.0377109,0.331052,-0.251367,-0.0540053,0.636327,-0.217462,-0.0642725,0.8273,
-0.0227954,-0.340298,0.791802,-0.085521,-0.250489,0.753241,-0.128234,-0.110933,0.688155,-0.136779,-0.0926771,0.679916,0.00371134,-0.388473,0.53499,-0.0499527,-0.313827,0.550166,-0.115732,-0.16223,0.545549,-0.150923,-0.109015,0.553897,-0.0247626,-0.471748,0.184287,-0.0674207,-0.372755,0.268334,-0.11865,-0.187774,0.353189,-0.14142,-0.166131,0.405584,-0.0433795,0.288666,0.801977,-0.0953572,0.197019,0.75314,-0.127993,0.0542854,0.682712,-0.133741,0.0372588,0.674097,0.00372208,0.308246,0.448823,-0.0480325,0.241315,0.487815,-0.113009,0.0947841,0.522824,-0.147377,0.0428765,0.547106,-0.099593,0.448153,0.466555,-0.110239,0.315221,0.436552,-0.124939,0.10225,0.385252,-0.13553,0.0860222,0.394296,-0.252882,-0.0373071,0.401901,-0.24382,-0.0238345,0.707217,-0.205088,-0.0162135,0.897405,
0,-0.325525,0.844617,-0.0684614,-0.238628,0.810223,-0.119374,-0.101621,0.747811,-0.130023,-0.0829886,0.739893,-0.00438036,-0.382594,0.549691,-0.0535616,-0.309445,0.57994,-0.113436,-0.157417,0.596727,-0.145958,-0.102023,0.614498,-0.0243693,-0.471497,0.249883,-0.0660916,-0.371114,0.332761,-0.116901,-0.184793,0.414864,-0.138843,-0.162193,0.467274,-0.00468793,0.297698,0.828008,-0.0698543,0.207901,0.793843,-0.118103,0.0651707,0.738388,-0.127876,0.0468195,0.731337,0.000550738,0.312241,0.488707,-0.0489036,0.246736,0.532822,-0.110609,0.101319,0.576449,-0.143547,0.0496916,0.604441,-0.0484106,0.452406,0.474349,-0.0794204,0.319618,0.465012,-0.118107,0.106014,0.43749,-0.134763,0.0896897,0.450625,-0.25118,-0.03414,0.462902,-0.236911,-0.0142084,0.767693,-0.194833,-0.00236431,0.956983,
0.0015967,-0.327877,0.838683,-0.0724275,-0.243875,0.808112,-0.130259,-0.107635,0.75195,-0.143076,-0.0886197,0.744607,-0.00438949,-0.377313,0.537671,-0.0556244,-0.307506,0.572107,-0.118616,-0.158254,0.597329,-0.152651,-0.104054,0.618096,-0.00605253,-0.463662,0.256636,-0.0536773,-0.364381,0.337609,-0.112514,-0.179577,0.419001,-0.136896,-0.159089,0.46954,-0.0101613,0.290028,0.826532,-0.0801946,0.201996,0.797759,-0.132574,0.0608775,0.746847,-0.144533,0.0413921,0.740214,-0.0192189,0.323997,0.519838,-0.0666973,0.252849,0.556953,-0.122979,0.101661,0.589531,-0.154418,0.0479351,0.612973,0.00203304,0.441309,0.398989,-0.0509494,0.31775,0.42407,-0.114124,0.111552,0.43623,-0.139973,0.0932479,0.461139,-0.252793,-0.0343177,0.463942,-0.253189,-0.0240172,0.769455,-0.220282,-0.0171945,0.960741,
0.00112558,-0.348671,0.847917,-0.0710135,-0.259772,0.828884,-0.126853,-0.116084,0.790975,-0.138877,-0.0964362,0.786328,-0.00245794,-0.35525,0.539752,-0.0531775,-0.291027,0.584319,-0.115885,-0.146851,0.630465,-0.149644,-0.095894,0.659004,-0.0500646,-0.490927,0.414356,-0.0809414,-0.361765,0.447359,-0.118324,-0.149285,0.475395,-0.135157,-0.131742,0.504595,-0.000109005,0.269705,0.904814,-0.0726803,0.186036,0.870116,-0.128202,0.0520825,0.806647,-0.14105,0.0330753,0.798323,-0.0629758,0.357128,0.733495,-0.0910196,0.269573,0.717685,-0.125676,0.108375,0.674892,-0.152157,0.0555175,0.673045,-0.00216371,0.452276,0.376131,-0.0526837,0.340098,0.435618,-0.113653,0.143406,0.485524,-0.139482,0.119604,0.527913,-0.251714,-0.00796785,0.515828,-0.249021,-0.0361225,0.820193,-0.214141,-0.0531745,1.0105,
-0.0137451,-0.358584,0.854385,-0.0781914,-0.26394,0.835046,-0.124525,-0.115116,0.79842,-0.133606,-0.0958596,0.794029,0.0046001,-0.347163,0.54055,-0.046527,-0.284538,0.586803,-0.11004,-0.142089,0.636794,-0.144057,-0.0921005,0.666677,-0.0840007,-0.493056,0.530292,-0.0983109,-0.357477,0.520374,-0.116628,-0.140022,0.49762,-0.128519,-0.123901,0.51147,0.00417029,0.268084,0.919512,-0.0685265,0.185,0.883735,-0.123893,0.05232,0.818013,-0.136833,0.0332971,0.809322,-0.118582,0.336816,0.830429,-0.124725,0.255011,0.786145,-0.1306,0.105654,0.702246,-0.147493,0.0588759,0.684564,-0.00772626,0.452795,0.36059,-0.0542321,0.345141,0.430778,-0.109824,0.15209,0.493489,-0.134505,0.12674,0.541172,-0.245912,-0.00118486,0.525302,-0.244402,-0.0371118,0.828877,-0.210301,-0.0588054,1.01884,
0,-0.36283,0.884493,-0.0955387,-0.264939,0.851488,-0.128642,-0.114239,0.801744,-0.134654,-0.0959847,0.795674,0.00454485,-0.345823,0.541164,-0.0467016,-0.283414,0.58757,-0.110125,-0.141174,0.638228,-0.144191,-0.0913065,0.668274,-0.071249,-0.489314,0.536723,-0.0900598,-0.354363,0.525827,-0.113818,-0.137742,0.500973,-0.127629,-0.122081,0.512963,0.00392351,0.266733,0.923666,-0.0690183,0.184136,0.887265,-0.124616,0.0520481,0.820702,-0.137647,0.0330711,0.811847,-0.0725898,0.321881,0.846727,-0.0975595,0.244675,0.800796,-0.124994,0.102877,0.710118,-0.147349,0.0595468,0.68718,-0.00751808,0.451547,0.356022,-0.0535442,0.345593,0.429057,-0.108527,0.15402,0.495245,-0.133156,0.128364,0.544354,-0.244789,0.000856794,0.52681,-0.245541,-0.0371761,0.830138,-0.212856,-0.0602757,1.02019,
-0.0699406,-0.371911,0.906019,-0.112481,-0.272498,0.86367,-0.135109,-0.120514,0.806529,-0.139878,-0.102786,0.799485,0.00477805,-0.344737,0.540474,-0.0475499,-0.283883,0.587727,-0.112452,-0.143394,0.641314,-0.147254,-0.0945353,0.672161,-0.0131435,-0.477453,0.498971,-0.0553538,-0.347604,0.505735,-0.106676,-0.135545,0.501604,-0.127725,-0.120758,0.51634,-0.0105066,0.259014,0.942149,-0.0803373,0.175818,0.901095,-0.131532,0.0443932,0.828915,-0.143582,0.0257518,0.819293,0.00390377,0.309981,0.806697,-0.0508124,0.239166,0.780545,-0.116224,0.101363,0.712345,-0.151504,0.0556629,0.69541,-0.00806619,0.456536,0.374937,-0.0546222,0.348943,0.445203,-0.109567,0.155833,0.50638,-0.134852,0.128663,0.554807,-0.245625,0.00131028,0.531567,-0.251619,-0.0453979,0.833592,-0.222301,-0.0738284,1.02347,
-0.0217931,-0.389465,1.04422,-0.0711562,-0.296562,0.994755,-0.106568,-0.15106,0.925703,-0.115365,-0.134024,0.916676,-0.0147312,-0.417359,0.719381,-0.0556361,-0.337987,0.74626,-0.108998,-0.180226,0.769802,-0.138981,-0.129715,0.791065,-0.00195411,-0.463774,0.437103,-0.0522404,-0.360855,0.511779,-0.116976,-0.174126,0.592067,-0.139401,-0.160389,0.634812,-0.00838187,0.232703,1.06767,-0.0694487,0.145586,1.02114,-0.111399,0.0119541,0.942759,-0.119018,-0.0050209,0.933124,0.000411428,0.305876,0.779478,-0.0491334,0.229627,0.800099,-0.110678,0.0766788,0.799161,-0.143327,0.0210776,0.810329,-0.0751102,0.461862,0.607576,-0.10123,0.329487,0.630873,-0.132162,0.115282,0.635149,-0.14639,0.0899784,0.666759,-0.256746,-0.0398214,0.661669,-0.222934,-0.0774306,0.963301,-0.168859,-0.0995901,1.14861,
-0.00652969,-0.392113,1.07599,-0.0708697,-0.302126,1.0407,-0.11798,-0.159173,0.984561,-0.12795,-0.140707,0.97731,-0.00582493,-0.41808,0.755779,-0.0526038,-0.346196,0.792238,-0.110371,-0.1948,0.825985,-0.142268,-0.142685,0.850284,-0.000996243,-0.46969,0.46385,-0.0488318,-0.375901,0.550977,-0.108449,-0.197222,0.645813,-0.132311,-0.181827,0.696309,0.00115662,0.229989,1.09444,-0.0678209,0.143746,1.05871,-0.118699,0.00748324,0.994838,-0.129076,-0.0109445,0.986657,-0.00113755,0.288519,0.793483,-0.0505511,0.215968,0.824719,-0.110838,0.0644427,0.842887,-0.143538,0.00900011,0.861222,-0.0947763,0.43305,0.790001,-0.10757,0.300405,0.759533,-0.1228,0.0893077,0.702048,-0.134282,0.0699796,0.714465,-0.247673,-0.0570462,0.708116,-0.236828,-0.0789323,1.01286,-0.196894,-0.092279,1.20247,
-0.00373968,-0.388756,1.07026,-0.0745045,-0.300929,1.04278,-0.128117,-0.159368,0.994404,-0.140322,-0.139862,0.988063,-0.00833238,-0.413581,0.758165,-0.0574844,-0.345038,0.7978,-0.116759,-0.196449,0.835306,-0.149515,-0.143713,0.860614,-0.00170133,-0.469032,0.467939,-0.0499609,-0.377918,0.55763,-0.108825,-0.201538,0.655514,-0.13396,-0.185484,0.707806,0.00170819,0.228535,1.09536,-0.071344,0.144515,1.06258,-0.127519,0.0090004,1.00314,-0.14001,-0.0099656,0.995325,-0.00356669,0.284229,0.793694,-0.0541317,0.213358,0.826893,-0.115606,0.063104,0.84934,-0.149116,0.00812051,0.869109,-0.0893061,0.424301,0.814357,-0.10333,0.293295,0.777952,-0.120331,0.0843804,0.713146,-0.133177,0.0665849,0.721912,-0.247963,-0.0590198,0.713002,-0.249643,-0.0760893,1.01823,-0.217508,-0.0868781,1.20947,
0.000357974,-0.388263,1.06604,-0.0721199,-0.300876,1.0419,-0.12736,-0.159534,0.996836,-0.140207,-0.139593,0.990972,-0.036012,-0.443857,0.836731,-0.0738887,-0.359583,0.849518,-0.119371,-0.1972,0.85101,-0.148536,-0.143966,0.86349,-0.0023644,-0.46952,0.468367,-0.0498719,-0.378966,0.559021,-0.10717,-0.202991,0.658064,-0.132345,-0.186611,0.710994,-0.0019972,0.231827,1.09767,-0.0730406,0.146215,1.06456,-0.126946,0.00915076,1.0053,-0.1387,-0.00968261,0.997613,0.000560104,0.282196,0.793015,-0.0505253,0.212091,0.826992,-0.112992,0.0625563,0.850937,-0.146888,0.00789567,0.871265,-0.0267408,0.421523,0.780329,-0.0643572,0.291698,0.759938,-0.109485,0.0834232,0.712352,-0.129399,0.0655037,0.723899,-0.245247,-0.059111,0.714814,-0.249115,-0.0746989,1.0201,-0.21836,-0.0848526,1.2116,
0.00578522,-0.408969,1.06141,-0.0699528,-0.321842,1.04979,-0.130216,-0.178077,1.02376,-0.143843,-0.157893,1.02066,-0.0918778,-0.456574,0.927673,-0.108525,-0.365503,0.916805,-0.130524,-0.197554,0.891736,-0.153302,-0.147387,0.893629,-0.0100873,-0.436414,0.477196,-0.056654,-0.350954,0.573166,-0.113953,-0.181687,0.685332,-0.137568,-0.171168,0.737007,-0.0418582,0.203758,1.19032,-0.10038,0.118332,1.1377,-0.13807,-0.0129529,1.05334,-0.145459,-0.0297254,1.04272,-0.0318075,0.299447,0.92492,-0.0745148,0.216759,0.931758,-0.125296,0.0586213,0.913692,-0.1554,0.00247809,0.919417,0.00124843,0.43056,0.719533,-0.0517296,0.307377,0.745944,-0.115036,0.103063,0.749361,-0.141149,0.0776213,0.779832,-0.253724,-0.0480824,0.756818,-0.253997,-0.0998999,1.05812,-0.220986,-0.131917,1.24683,
0.00501518,-0.421137,1.06707,-0.0658207,-0.329441,1.07366,-0.119359,-0.180827,1.06923,-0.131971,-0.159634,1.06989,-0.126586,-0.446149,0.991458,-0.134567,-0.354258,0.97781,-0.14101,-0.185615,0.948497,-0.156031,-0.136108,0.94668,-0.128922,-0.505291,0.684389,-0.140033,-0.373903,0.72066,-0.150549,-0.159394,0.761861,-0.161089,-0.145222,0.787836,0.00682208,0.171091,1.27219,-0.060183,0.0972197,1.21282,-0.113381,-0.0198334,1.1154,-0.122517,-0.0343055,1.10354,-0.0435087,0.282309,1.11726,-0.0730777,0.202712,1.07871,-0.116615,0.0579932,0.998679,-0.144974,0.0103783,0.985988,-0.00476598,0.441422,0.723838,-0.0541775,0.325545,0.776825,-0.120965,0.127952,0.809553,-0.142785,0.097963,0.853083,-0.265513,-0.0185099,0.833342,-0.232652,-0.0995933,1.12624,-0.179091,-0.151728,1.30553,
0.00640665,-0.419616,1.08198,-0.0684793,-0.330995,1.08091,-0.12712,-0.184551,1.07251,-0.140572,-0.163897,1.07186,-0.0200428,-0.422682,0.998079,-0.0652143,-0.342169,0.98497,-0.118482,-0.18493,0.954004,-0.148627,-0.138004,0.946939,-0.102272,-0.512238,0.760616,-0.110593,-0.375993,0.767714,-0.120599,-0.156832,0.774743,-0.131676,-0.142986,0.788743,-0.00997434,0.168757,1.27325,-0.0786529,0.0944139,1.21633,-0.129432,-0.0231661,1.12178,-0.140815,-0.0392689,1.10917,-0.135912,0.244287,1.19635,-0.13711,0.174668,1.13436,-0.135631,0.0475904,1.01925,-0.149116,0.00767445,0.990554,0.00163373,0.44714,0.734864,-0.047403,0.330819,0.787179,-0.107071,0.131634,0.817922,-0.132599,0.0988697,0.861154,-0.246495,-0.0216421,0.82228,-0.250339,-0.109319,1.11513,-0.219542,-0.164225,1.29886,
-0.0257013,-0.422975,1.17178,-0.0903457,-0.327533,1.1576,-0.135421,-0.176915,1.13058,-0.144745,-0.157004,1.12727,0.00412616,-0.409058,0.929941,-0.0514102,-0.339661,0.957874,-0.119569,-0.190991,0.983206,-0.155765,-0.141633,1.00086,-0.0786762,-0.52741,0.822068,-0.100907,-0.392703,0.828672,-0.126818,-0.175226,0.828576,-0.14231,-0.16018,0.843309,0.00366261,0.189315,1.28666,-0.0709122,0.112094,1.24261,-0.129849,-0.0122432,1.16425,-0.14302,-0.029702,1.15386,-0.0393042,0.242993,1.20954,-0.0783878,0.174569,1.15968,-0.125275,0.0463749,1.05888,-0.153444,0.0072187,1.03196,-0.0052104,0.419711,0.729768,-0.0536381,0.309976,0.795321,-0.114005,0.115744,0.847442,-0.138738,0.0869533,0.894957,-0.254934,-0.0349118,0.868903,-0.253064,-0.097507,1.16813,-0.218743,-0.137092,1.35516,
